user_pseudo_id,country,operating_system,language
02084E10F9F1052182B5602D6CDC50BA,India,ANDROID,en-gb
04C56E1170E544DEDB0032138572EF45,United States,IOS,en-us
0670A0795F7D032D0CD50FB6D0415309,United States,IOS,en-us
0A73694E7305812245D0542B39A0F768,United States,IOS,en-us
0AC53DB99F24A0CD38393D6DF82BAACD,United States,ANDROID,en-us
0B03F14E5FCD2D477173566EA45627DD,United States,IOS,en-us
0E25ECB1F1559F75D7580AA9914F53DC,United States,,en-us
0E4DA497F21D37D7000DEFDC78BC5834,Japan,ANDROID,ja-jp
15053E5279446996BC23A396E0FDD142,Pakistan,ANDROID,en-us
1A30353062914207701CA23C0A33212E,United States,IOS,en-us
1C2D376DDCB12AA3E9B53BE4AE0365D0,United States,IOS,en-us
1CEA99018BB20A7A426C128C1E972731,United States,ANDROID,en-us
1DA47F89152F663ADFEC5EBC248BC646,United States,IOS,en-us
20D75A07F00899A1965A57F828DE8133,India,,en-in
2357128F5A877DECB2C8FCFA8101884B,India,ANDROID,en-gb
2519F73C53D89612B0698729CE5079E0,Japan,,ja-jp
260F744C558B490AA7A98F05BB3E9E05,United States,ANDROID,en-us
2661493D2DD9509833AFFADC58F65ED9,United States,ANDROID,en-us
28778DE05FE8E9B32044B749FCDDB70D,India,ANDROID,en-us
2C15FFDEDDA69390B7A8EB5808FB7ED6,Brazil,ANDROID,pt-br
32DC4BE3AF515BD8BD59B4DC0052A3AB,United States,IOS,en-us
33EA15FAF247CEAE5A07F39235D334EF,Vietnam,ANDROID,vi-vn
360EAEF5192355A31740E0D75FB4C8FF,Canada,,en-ca
3754166443959F05A77112BEB2A31517,United States,IOS,en-us
3770FAD4592180BD3566A005428AFD1D,India,ANDROID,en-gb
3A110988C8149D12D9F52341B8FDFFD2,Germany,IOS,de-de
3E36D2C0A6575D4EB64EA177E2A0EFBC,United States,ANDROID,en-us
40B9EF26656F3B14BF5490A1AE772A91,United States,IOS,en-us
416A038777CD9E8FC54D83A9E927FC3B,Germany,ANDROID,de-de
4184DAB1D1869BF88C134560CBE27A2B,United States,IOS,en-us
42FD59DB45780687E48767898C09BC14,United States,IOS,en-us
438E2E90F1401395F41ABCC996A4FEC6,Malta,,en-mt
441387A1F67B6DE82272CEE4692663B4,United States,ANDROID,en-us
446F37EA9E4D5B1CF5C9F235D730457B,United States,,en-us
45B06570D12A1A04DE307D2D8F2C0620,Canada,IOS,en-ca
4775A49D47B7777DE5FF070CA79A6AD6,United States,IOS,en-us
4B05667C4794897FE8CC564021D796A5,Japan,IOS,ja-jp
4B6CFDAE1DAD6B5F0128A3220FA8A8FA,Pakistan,ANDROID,en-us
4E0D2F7E40746B90029E4F4241F9ECA9,United States,ANDROID,en-us
4FF4247F9374E55182AC6DF97556C161,Indonesia,ANDROID,en-us
50C60BB1599A79A9FA68C92B9E9589F2,United States,IOS,en-us
522BA55B8CE6E00DBC4CDC5DC232E3F1,United States,ANDROID,en-us
52E08E4A2847DA44180FB6E41E91503D,Bolivia,ANDROID,es-ar
54405BB87CA5EE368EB42F411323631F,United States,ANDROID,en-us
5499A650A5095E94AADDBEAE43F374D1,United States,IOS,zh-hans-us
54FFED2C07FB4EFEE9507B33DCE6C9D8,United Kingdom,IOS,en-gb
58CAB99FE371CFE26EEFE32A9BEB9C96,India,ANDROID,en-gb
5C0B5019D09A484ECA0AF6E636D4205E,France,IOS,fr-fr
5C2A2258C8EC6BC302BB2F231E7E5C0C,Japan,IOS,ja-gb
5E58EC5748F325FAA6A4705D082CC334,United States,IOS,en-us
5EBF8502142E66A011B97904BE28B5DB,United States,IOS,en-us
5F4C7C1A20C6606C1F603044A0A06470,Syria,ANDROID,en-gb
65736141DB8367BFC7F686D4C6B28634,United States,ANDROID,en-us
690DA199396D35B845005CCD13ED8D67,Germany,ANDROID,de-de
698916A9029D26093BDC57445D84115B,United States,ANDROID,en-us
6A40D31040601284128B45F7219415F8,Egypt,ANDROID,en-us
6B7AC428C2515490D44848CEA0B1EA50,Germany,ANDROID,de-de
6E23837E71D88642E8AA665239D54280,Turkey,ANDROID,tr-tr
70E0EA911F160D917144A295DFF152EB,United States,IOS,en-us
70FBF928B13B0D688C2E690706E28B2C,United States,IOS,en-us
71C2AA64A2F04946EBB47151B2BDA812,Japan,ANDROID,ja-jp
7280F6CC65EB4E8B1B7FAD12337DF559,Brazil,ANDROID,pt-br
7386D239899D55E3D62DA619F359A7C0,Netherlands,IOS,nl-nl
74FB084806657B7905B964C8E1688CC6,India,ANDROID,en-us
77F7DA4FC2653D4C5E65738AAAB2CEEF,Germany,ANDROID,de-de
78EBE4E871C352FD3B35EEE1EFCC206A,,ANDROID,en-us
79442435916D04FB3A1C2088D5941C38,India,ANDROID,en-us
795BD0A5C9F63554D97DDAC0B7F116A0,Egypt,ANDROID,en-us
83D0CA597AEF17DCC15259B436C3F1E9,Japan,IOS,ja
8530BA1E10784C7FC80A8BD7C821845E,India,ANDROID,en-us
882D81346BFB8177CBBF404F1A5A6643,Australia,IOS,en-au
88468E96D9CC4B5048B38503D61CA3F3,United States,IOS,en-us
8942968E35FB64702050A08D544D2A4A,United States,IOS,en-us
8BDEAAD9B5CC59CE05A905CC9CF12E4D,Malaysia,ANDROID,en-gb
8C7937123B3FAEAC4EF46B1DB181BEE8,United States,,en-us
8D73A60806B4AA8B6C1559892F474786,India,ANDROID,en-in
8FD6ED0CD6258782D10996A087AB9D66,India,ANDROID,en-in
907D20ACA27904729B3427C5F49AF155,Germany,IOS,de-de
949C302C906D7FF0DC67D8CC46A169FA,United States,IOS,en-us
97E61D8532D6932FBCE1EA7546DED0BF,United States,IOS,en-us
9E6B9CF7D34EDB24F8A4D5935914BC37,United States,ANDROID,en-us
9F61F3B36299C77519005F1B90A90108,Mexico,ANDROID,es-us
A0A8595A96948961A44E2B1CC5859CBE,Australia,IOS,en-gb
A16DE718D8908FFC01DD297FEA600583,Malaysia,ANDROID,en-gb
A66E12586B3B31AAEF02D1B1DD09EFDF,United States,IOS,en-us
A6B4F42B3253164CFBC322BC172ECBCC,Oman,ANDROID,en-us
A7E12AF359CFF4A23F85F9A6E848CF60,Taiwan,ANDROID,zh-tw
A8042EA2593E767F2EF5EB6367677789,United States,IOS,en-us
AA4792A545C655F5E1B8C5EEB9836F46,Kuwait,IOS,en-kw
AA6A7F72AC77956C7423A5303050DBF5,Qatar,ANDROID,en-us
AD320B324C199917BF86AAC4F89E23A9,United States,IOS,zh-hans-cn
B261FCC74043819BF42DD17E60162055,United States,IOS,en-us
B503E6E2047DD883EEE5BEA3F7F95C4F,India,ANDROID,en-us
B5AD6569D99E82C2EE44E38C3487F49D,Australia,ANDROID,en-au
B6904B5911E08FE9AC23C09C9E690E36,Japan,IOS,ja-jp
B71E0E1595BCBE2DB614193600ED6A5D,Brazil,ANDROID,pt-br
B81A3D8192C6956AF4A8ED3F83422D37,United States,IOS,en-us
B913975C2E890CAE4C657D7A7BEDDBDE,United States,IOS,en-us
BD287DF0DA921DF254E7870C080AFDC9,Portugal,IOS,en-pt
BFF00C0BEDC08F406D999413584797D5,United States,ANDROID,en-us
C19DD4DE50B67D3D2B7E7A9941DD28CF,United States,IOS,en-us
C32099F69A5B33301174BEF349BADDE4,Italy,IOS,it-it
C584D8F6E0BD0CD6B93B70D964F73AAC,United States,IOS,en-us
C64FDEA4F0B0743BCF6CEDB45FEE8AB7,United States,ANDROID,en-us
C6A7944A89B197BA37F78AC11FFCF44F,United States,ANDROID,en-us
C92D6BB6EEA1571B5E7EE6F4D221EBAB,Taiwan,ANDROID,en-gb
C947C7004C7989BC00AE04B29F33C50B,Canada,ANDROID,en-ca
C96D2A670F71BA658A54A12134EDF4D1,India,ANDROID,en-us
CA32F6CB294613C0C6BFCE75C0E684D2,United Kingdom,IOS,en-gb
CB39F5D9A2DC8E22A1423B88F6076551,India,ANDROID,en-in
CB66E7B23CBFFB51526C41A362E225EF,Canada,ANDROID,en-ca
CD1D906FB130FF55A227F2DE79F0C15A,India,ANDROID,en-gb
CD327D0141209436D7C03D644B969700,United States,IOS,en
CEF3AC7B61219F2A262D28A942BABABA,United States,ANDROID,en-us
D2A4FF268B6047FDA0EC15B0365458F7,United Kingdom,IOS,en-gb
D65620EAF1BB84DEF34D6C16C45A15BB,Russia,ANDROID,en-gb
D737AD5C76E9F3DF96F37C777665E41C,Mexico,ANDROID,es-es
D772EF33C2A8378D9B9F4EDCF9710B50,United States,IOS,en-us
D85F0E322917076E5473B87A1F363AC9,United Kingdom,IOS,en-gb
DE346CDD4A6F13969F749EA8047F282A,Italy,ANDROID,it-it
DE3C59FE98D9B698FEE32B9A4206679C,Bulgaria,ANDROID,bg-bg
E451D416F972019604F1456533FF3858,United States,ANDROID,en-us
E47B5F4C28ACFE8DE160B3370E9282EF,Brazil,ANDROID,pt-br
E4F69BC56125A877A650DB81DB51D5D0,El Salvador,ANDROID,es-es
EA36A615F8DF71A3DCD4443FA115A94F,Japan,IOS,ja-jp
EA9A16D9042286D55399A418CC7A28F3,Germany,ANDROID,de-de
ECC60665081F2D1CCB0EB37F07DAD254,United States,IOS,en-us
EEB45C2B237FF64926D08B89E1D9FA37,Canada,ANDROID,en-ca
F8B95AE4A257A86F7E55E7C80935A4E2,Japan,ANDROID,ja-jp
F9FEF5BC25A8C2034E317847A6452DC8,Faroe Islands,ANDROID,da-dk
FA900CD1BD904AE01C45ECD4A2D7DC9E,United States,IOS,en-us
FBEC9130D17F84FF61A9BE8FFFD6D0B3,United States,IOS,en
FE5BA4C59D36E221F7059D7C41CF8E71,United States,ANDROID,en-us
FE5DCCE817A179E9E89DECF8406E4D97,India,ANDROID,en-gb
017FFA0093F5423E930694F9D80CF61D,United Kingdom,IOS,en-gb
020A23B627EBD464F75A5362FEDA00C6,United States,ANDROID,en-us
0232A0C6A31572DBA6D6CB0F2592ABCE,Australia,ANDROID,en-au
03A9D32C44665A9E15CFCCEDC9F68EDB,United States,ANDROID,en-us
08362BC5AB07C0587FC4CDC22AD97252,India,ANDROID,en-us
0A8B3658EFEEE8A30763ED36A4152C4B,Ukraine,ANDROID,uk-ua
0B8B2CEB15466C69A0E56E325A62C91F,United States,IOS,en-us
0DAD8CFE0AE9C745B611DC432A985291,United States,ANDROID,en-us
0F93A84CB0774C5BAB3E5FF8A72A694D,Hong Kong,IOS,zh-hk
108D09DB520942B16C86056E4F92D707,Canada,IOS,en-ca
10E9895D671A377BE368B31F5A36D50E,France,ANDROID,fr-fr
11623BDD5118267A8B88B860F617F0ED,United States,ANDROID,en-us
159876799CED71EFA53A9AF9E1C5DA5B,India,ANDROID,en-gb
16B0F6645F896C16F83EF56A99868801,Australia,ANDROID,en-au
1E90391F66AC47CEF97F8DABD8346F12,United States,,en-us
208AEFC9804F025C9AC0BCB81392F160,United States,IOS,en-us
20F3CD6918AF3773CBA104980250555D,United States,IOS,en-us
24488995DDA4215B97272ABE4027F66D,United States,IOS,en-us
27633D7C45BC7E8E70C9B8B8DF82DCB5,Australia,IOS,en-au
279184552B138A74EE3B205BCDC55E15,United States,IOS,en-us
2A20787541829436F9F220A8CA2AF16C,United States,IOS,en-us
2B810EF175EB01E7F0D54AB1EA39AE8E,Cameroon,ANDROID,en-gb
2DE704D95E246E05D8C9283717C11F94,United States,,en-us
2EC341EDFBBFB0D1C449264FE5C74FF9,Pakistan,ANDROID,en-us
2F0F260BD7B876C346B41977D0D03D62,United States,ANDROID,en-us
30BDB608211EE7B2E8488B00E246B7FC,India,ANDROID,en-us
3483B7B933B0D6FAA0266EEFF5691904,Germany,ANDROID,de-de
3612F40FD40263F706EBB69F989A68D0,Japan,IOS,ja-jp
363F1923549B4499EB3E1D1E5508F66B,United States,IOS,en-us
385112EB5D6AAF69047A0A284826D49A,India,ANDROID,en-in
38EF488E11A45A1463E35B8744C2A97F,United States,,en-us
3A5D4B43580D9631A7F35A64181A35C5,United States,IOS,en-us
3DEBAA02D7EF77D34458C8294FC4D51F,United States,IOS,en-us
41DB722D2F983320866BF0B697513B16,India,ANDROID,en-us
420F7FE2D66A1955DB97A92C922A7BAF,United States,ANDROID,en-us
428FFFFCE9294F6707BE5D9DE31171FF,Argentina,ANDROID,es-us
429A9E9B10C4120ED981C3266AE16DF6,Brazil,ANDROID,en-us
4500595CA1FC3CBC6140A502240FB7B4,United States,ANDROID,en-us
4525693FE38C11BA8E5D0BD59256D05E,United States,IOS,en-us
45EB0927832513B89E58E6C6C93D841C,United States,ANDROID,en-us
46C73D31CCFF85FCD1DF343F8458FA10,United States,IOS,en-us
486D0900B48B18D315367260129BFFB6,India,ANDROID,en-gb
4F54C58CAA3B794E9C793FF2527E60C9,United States,IOS,en-us
4F8A67429DE5F8C56D3E3785FCD8EA64,United States,ANDROID,en-us
5009AB6BB3FF1126B6A7F3193F27FD14,Malaysia,ANDROID,en-gb
50DF4D37167497C4DD0F00E2CCAE39C0,United States,IOS,en-us
50F9ECC02D5198369DEC190502867F73,United States,ANDROID,en-us
5ED8424DACCF2E0BF27B9A8AF57FC9F0,United States,,en-us
5F5BDACD88C832FAD2E2AC9C20B008C1,Saudi Arabia,IOS,ar-sa
672B24B51143CC66DCBAA0FA88C38D57,United States,ANDROID,en-us
67F4E812D975351DD19B09417D8C1642,United States,,en-us
69BB8289D391EEDAAB396DA0C3F8FF1D,Laos,ANDROID,lo-la
6B3490A226015271C15E6634764B8280,Japan,,ja-jp
6DB38E0BBE020D9A439AC11401548BC3,United States,IOS,en-us
706C748E6D1E0768BFEFE6362B5D3F67,United States,ANDROID,en-us
70EF8D8DAEA122A39718DB848634592F,Nepal,ANDROID,en-gb
72A7C5E5FF09E668AA3F5216593095BE,Brazil,ANDROID,pt-br
7508319FF1237C6977232CE091AA0B61,United States,IOS,en
756FDF230E6C5212EE131183842F1A47,United Kingdom,IOS,en-gb
774364DD86012B5503A710C4BF612F92,Australia,IOS,en-au
77BD91427F3805FD6A30F445FB0DC50B,United States,ANDROID,en-us
7954F970C93ED6F9AEF04CE25CE871CD,Malaysia,ANDROID,ms-my
7A7049EA3CC84AB4C498F4DF40003AE5,United States,ANDROID,en-us
7F77C848A7DC05296ABC4FAB1003B890,United States,IOS,en-us
803009ABCCFD18646B4B1C527C7A2E36,Australia,IOS,en-au
826148616D2F8A7B3FEF373C8497DEAF,Germany,IOS,de-de
88AD03F6828BDD86AA72AA556D87387B,Australia,ANDROID,en-au
89A38959892C19AECA7AA020773D6F01,United States,IOS,en-us
8AED4DCBD2B26A76D3FBDDF55B74C382,Chile,ANDROID,es-us
8B9EB9AAC4899BF113B8498CBC3478BB,Canada,ANDROID,en-ca
8D8329B1A8BA9605FC4125ABECDA5910,Poland,,pl-pl
9099AAA376C3F86DA1203D34C5110326,Japan,ANDROID,ja-jp
90E348A71BE256C926E1F8A86314D583,Australia,ANDROID,en-au
93BFE0E1C07C344AF8FF32A272AB02F3,United States,IOS,en-us
93CD743FBF90314DE097AA5EFBDA98EF,United States,,en-us
93D1C9C170D86CF527FD6D4D46B38DC7,Japan,IOS,ja-jp
9600038D7A3575BBFD2B0DE34FCE50F9,Netherlands,IOS,en-nl
967CF15817AA3675258C78E74DFBAD50,United States,IOS,en-us
97611A42987D6C2B96BE42C3AE38B487,Trinidad & Tobago,ANDROID,en-us
9776078469CC89E9D043D18197701134,India,ANDROID,en-us
9ADF895776EA36952298EE796C67B510,United States,IOS,en-us
9D5DDBF502AFB715D67499B417ACCAB2,France,ANDROID,fr-fr
9E45C84C102E9151AF511CE31D707216,Vietnam,IOS,vi-vn
A371427EFF7079FFB6FFA3DA2B78FC61,India,ANDROID,en-gb
A6B92C2898120AE74F643053E83E0F9E,Germany,IOS,de-de
A77A5F550E7075434642D47ED17A9883,United States,IOS,en-us
A9E807665E94FF89025596B115E09C5C,India,ANDROID,en-us
AAA09F62893A41F0D9B2247AB87FA48C,Japan,IOS,ja-jp
ABAA2F33A07E851A03D2D8CB5EDA9B06,United States,IOS,en-us
ABC2496F40B4881807CD412A0B5F0327,United States,IOS,en-us
B36FAA12AF854F00E4EC23696D2786CC,United States,IOS,en-us
B57F63C4D9015BAB845550833AD67789,United States,IOS,en
B5FA3B0588C19181222FCE3135DB3452,United States,ANDROID,en-us
B8FE9AD137A133A89389656F7989B36C,Brazil,ANDROID,ko-kr
B9DF3733E51CA1BB9A845EE00B36D1FE,United States,ANDROID,en-us
BA55EBF4BA0D00C60AD5735F0FEA5436,Austria,ANDROID,de-at
BCF75D840E0668F1BF11CF2E4C0F93AF,Australia,IOS,en-au
C01FF96A06BECB4B95FDB08F2FAD1FA9,United States,ANDROID,en-us
C6F7DDDF431DB0C8BA773498AE41010B,Canada,ANDROID,en-ca
C8D74BCA384C771A8D916972C4B214C0,India,ANDROID,en-in
CC8DFD648FF20954F47DA8DFD9AE58B5,United States,IOS,en-us
CE56946091344ADC2D0AB88D49B83ED1,Egypt,ANDROID,en-gb
CF3037DAACE8479FB2F996B883D2E669,United States,ANDROID,en-us
CF868C1A00B3C101100B7EEA7B1F0412,Brazil,ANDROID,pt-br
D4A45A0CA838C439F64D565450B9A7D6,United States,ANDROID,en-us
D5A644624E0D407445643D503F43B944,South Africa,IOS,en-za
D645BD3054510405FCBFF37FD1AC0C7A,Latvia,IOS,en
D747ED2161B92673AA443FD357D75F7E,United States,IOS,en-us
D8A4973047AF2FA8E9061F6F52E6BD61,Australia,ANDROID,en-au
DD614FCF037408182C01912735EA7900,United States,ANDROID,es-us
E1578E482FC17C22A25C7922C51FB48B,United States,IOS,en
E2268475E3941ADEA36758DBE3959B31,United States,IOS,en-us
E30E8756808AB219B28276F129C51552,Australia,ANDROID,en-us
E4CA88442149C9E1F3A64917A85797D3,Brazil,ANDROID,pt-br
E7C4F8D9F6FD4CE1968FAF0D3D19FF54,India,ANDROID,en-in
E80BA7D1EA17162D60C76F8A20B9C45B,Canada,IOS,en-ca
EBAE93707E502165C211E8634D50C399,Japan,IOS,ja-jp
EEA7994C33475920620AC49055AA96D8,United States,ANDROID,en-us
EF2ABE51605E2E6787E32F4A2CCE1B5A,Vietnam,IOS,vi-vn
F0619961A63F29C944C992FE94E0CE10,United States,ANDROID,en-us
F1D06AE5E4870002D05A561B32C8C7BB,Japan,IOS,ja-jp
F2433AB13A6779494BC78635E6608C0A,United States,IOS,en-us
F34FF1C9F0C022B684BC885BA1DDC260,United States,ANDROID,en-us
F6B379B74A683964F0A1B8FE4AD9D548,United Kingdom,IOS,en-gb
FBF8A477CF09D5B499E8923A4D2A5102,United States,ANDROID,en-us
020510A8D6352189CE3FECE6310950AE,United States,IOS,en-us
02B2A6606975971F9D79F56EF63D6A24,United States,IOS,en-us
04311C56F5F87F352C135466C7087618,United States,IOS,en-us
053FFBAB6879C1E7E1915E40C191F61D,India,ANDROID,en-us
0578D8B0D41D3F91C98DFE895A853882,United States,IOS,en-us
079A0986730A27E47BDE659B49D0F1FC,Japan,ANDROID,ja-jp
0ACC974614DA3BB6989585D9E27A58EB,United States,IOS,en-us
0D97173B826A260795E6CB59F9376BC1,United States,IOS,en-us
0D9F9C6B687314F688FCAFD7968BC498,Japan,IOS,ja-jp
0DCE6FFE19479064EBF8EAAAE9DE2DD5,United States,IOS,en-us
112A3AFC009A9F387BD4DECEF3D8D722,United States,IOS,en-us
126A05CAE2C84B1EA287992F5E412C43,Canada,IOS,en-ca
12A0B6E613AC52FAAA4EA602FAB670FE,Australia,IOS,en-au
12FE645924366556C811AA9BF441F497,United States,IOS,ja-us
139C75296C846C004181A2A4A80C13C2,India,ANDROID,en-us
145357D9EC5EFD772DC7FE5E21ED2B36,India,,en-in
165C059E0EEB982DC45D17069F200511,United States,IOS,en-us
174ABEE7AEF7BEC36BB5F34B1A69B2E7,India,ANDROID,en-in
189090032544C8B0BCF7E009A7F6C826,India,ANDROID,en-gb
1B7E0BA3927664E28BEE27B0ADD06351,United States,IOS,en-us
1C5754C8BB441352F6841BBAC0CAAF41,United States,IOS,en-us
1E1B4ADDF74F207EB5665FF0FAA02DD6,United States,ANDROID,en-us
1FA483D71650011AA5BCFA78B25F67D8,United States,IOS,en-us
238F40560836C5F5E317C859E3EDBC95,India,ANDROID,en-gb
26FACA90F8AA62D614E65FD30CD978AB,United States,ANDROID,en-us
27210AB7E69B78491EC3560089A193AD,United Kingdom,IOS,en-gb
2753CB17063CC735E6EF7E87CF45C378,Kuwait,ANDROID,en-us
27DCDEB27C0798022EEA48EBAB89D43B,Russia,IOS,ru-ru
2B26592BCDA787B355255964349FB061,United States,IOS,en-us
30138B542CDF56A289C3B3059EC03D5E,Germany,ANDROID,de-de
30E97D5C40F5901F3A28D4A9281F6166,United States,IOS,en-us
31D0731D4795EDAB682A2AD05D38379C,United States,ANDROID,en-us
3351C190752821E19A94058AE0C8D565,United States,ANDROID,en-us
34587F7996F20BE4CC7DDEB96753D110,United States,IOS,en
37DBB80B9A0E9882A95D3175FB2A8578,Canada,ANDROID,en-ca
37FB5810C2971D3B9EB0E96ABB3D5AB6,United States,IOS,en-us
3883FF0DFAB40ECD4EA781FC0D1CE18A,United States,ANDROID,en-us
392D0E63B14710BD0F033A6713916FA5,United States,IOS,en-us
3B741C8F7A1A1854A090F62E3FE117BE,India,ANDROID,en-us
3C537E44D7B526A4C97861FD0EEAC17C,United States,IOS,en-us
3C5DCB637F6E138A6A5F38D823557AE3,New Zealand,IOS,en-nz
3D01D6221D54D40DC42C3D6FBCCEC926,United States,ANDROID,en-us
3DBC1D961F70586CB3C039BA8EC8FAB6,United States,IOS,en
3F6EEEB2D589AF8A25897D2851CA23A6,United States,ANDROID,en-us
432B73E0DCBD01C441FEFE664ED73A73,Japan,IOS,ja-us
4350AF4BCC8696767795098F45EFCEFD,Thailand,ANDROID,th-th
456658D26CF1B27D2E9A6E8D96B3F32A,Taiwan,ANDROID,zh-tw
45C01A1B800161D9B825257D9F90482E,Mexico,ANDROID,es-mx
4679DF862ECC1B474D60B654F33A250D,Austria,IOS,en-gb
476409D7DFD0B2B2B0AB11E5F6D7DDBE,United States,ANDROID,en-us
48C375B3FA9960A884092B56312793A7,Japan,ANDROID,ja-jp
49D9F34F22480512FE5B725D46D2B216,United States,ANDROID,en-us
4BD90E3D0ADE51D97C634A22F1C26205,United States,ANDROID,en-us
501EC0B173398B023AB5B9A315FFD673,India,ANDROID,en-us
51275EF85B1988BAC4046E23E5929F7F,United States,IOS,en-us
512B15BD20611092FEA7BF165B6F8A08,Japan,IOS,en-ph
5356FA0F1B89E60163B19C88905905E5,Bangladesh,ANDROID,en-gb
561FB17EFB1B3841C0A6D047FF14D6E4,El Salvador,ANDROID,es-sv
577009B99ABC3702BE43BF8916DF0CD9,Japan,IOS,ja-jp
57CC3D00AF896BC5B330A8749995AE5E,Italy,IOS,it-it
59FA894C0C306763553966660FAF4F80,United States,ANDROID,en-us
5A24FA671D66FF78C978D077245B4777,United Kingdom,ANDROID,en-gb
5B6CE32CE812A339189DE823139C57B7,Sweden,ANDROID,en-gb
5FACEEFE04E21B9EBBCC98318C52E6C4,United States,IOS,en-us
61FEC04CEF6B2BF076BE9F7019A866EC,Australia,IOS,en-au
6344D6DD4B7741E868D17A8CC19E03C8,Colombia,ANDROID,es-co
6A5F60408CAFD78C48447547A30BA926,United States,ANDROID,en-us
6D5E557789275879745EB60D8AA53498,China,IOS,zh-hans-cn
6D6DFE56F10EFA7F2D6395C4C3FEEE72,Philippines,ANDROID,en-ph
6FA2245F88F3A700828CA4D45F5223C7,United States,ANDROID,en-us
7044614F875488188598249691A84988,Canada,ANDROID,en-ca
71ADE43C38140B68C1DB01D21AEDED9D,Taiwan,ANDROID,zh-tw
723B27DABF02945DAFCDE7843622D8E8,Taiwan,IOS,zh-hant-tw
74CE0B2D3F78299DAFFB56CA001B7BC5,United States,IOS,en-us
7554EE82ABCF7A3DA3DC48ACD8083A6F,China,IOS,zh-hans-cn
7778D7D1A9CA4A7D7536BED5D98F44E0,United States,IOS,en-us
78D69D40665616BCD0CC02AF669E90E0,United States,IOS,en-us
78F7C991D9450EA4B9623196D5116126,United States,IOS,en-us
7EADF5A0A13777C8ECA8AC6533BEBF38,Malaysia,IOS,en-my
7FBA8F50097D2948AEA898B7AFA3B72A,India,ANDROID,en-gb
8137A61045BFE96DD2B6B833C6803642,United States,ANDROID,en-us
86DE047B9767C754EF5DACFA98A3DA63,United States,ANDROID,en-us
8A838848576123B1694405FC13784D65,New Zealand,ANDROID,en-nz
8BA7798B298079BD1D9CDA0242AF2B09,United States,ANDROID,en-us
8BF7E118BDC4D008D6B28FCCEDC38083,Sweden,ANDROID,sv-se
8CDB27468BFA38D74ACAB01500B540C9,United States,IOS,en-us
8DBD6ADC48F015EF2088ECB83F7CD107,Australia,IOS,en-au
8EC570B139B21E7F732BDDE2FABF2B04,China,IOS,zh-hans-cn
8FC196E4C1D45A3383F2D18FE260C739,Mexico,ANDROID,en-us
9045DAE6501053FD4259E764808840A9,United States,IOS,en-us
912C5DF298EAD3CADA0D85EE1B7C1BA9,United States,ANDROID,en-us
920DB84FCC0F4421650B9E257E33180B,Sweden,ANDROID,sv-se
99C20F2D20C197C5E106DE31C5B48277,United States,IOS,en-us
9A51E254CCF2566CB1BF9A29D8A02785,United States,IOS,en-us
9B0D5012D4EB5BF7E8573122CEBE63B0,United Kingdom,IOS,en-gb
A064A84CD3CF7058F39333D6212E8615,Germany,ANDROID,de-de
A27121EFDB4D0B36B56D3351C3848839,United States,IOS,en-us
A323D8E5FA3D8C56594AFEBC6C8E63FA,Japan,IOS,ja-jp
A33B3E5D320A35A5BA168F271D6BC956,United States,ANDROID,en-us
A3B5410A02A51C2B644B3284548777B5,Germany,IOS,de-de
AC65C711C46F2CF206D1B302EBED29BD,Japan,IOS,ja-jp
AE5ADFE2364C604458B57CBA8FFE89CA,Japan,IOS,ja-jp
AEB2EAF6FFE818780FBA17115D94228D,Australia,IOS,en-gb
B53D67452C4F617C7099D5A9439930E2,Canada,IOS,en-ca
B6B60741B3DB791284AA43D87160239E,Nigeria,IOS,en-ng
B909E553481A3C9AD11258FBF6200D66,United States,IOS,en-us
B9D5DACF58826D3BC21DED4CA338BF1D,United States,IOS,en-us
BADBF9D1D46555F52F506538DB8C3011,United States,IOS,en-us
BBBB2C46108622C7B2A5444C3B823176,United States,ANDROID,en-us
BC68DA6C18C9634E924871C65BB339A1,Germany,ANDROID,de-de
BE1F4F5090933C8D1709645BCAD0AF78,United States,IOS,en-us
BF42A2AB482FBF15B10B48CD50B857AC,Bangladesh,ANDROID,en-us
BF9784C48214E598B8F045ED9FD012FA,Kenya,ANDROID,en-us
C2F7F06C679A76231BB7D773A037534B,United States,IOS,en-us
C52624F6DA3547B9AD433D1C6BCD8C2B,Mexico,,es-mx
C6176FAE470C4DDCD0E5BC49DFE2482B,United States,IOS,en-us
CD44B285C7B8EB8FC329E8A5CB2CFE62,Indonesia,ANDROID,en-us
CD936C60130D12C06E388F8EDFEA7105,United States,ANDROID,en-us
CE9DB64698BD67A50F93A6CB74544A04,United States,IOS,en-us
D1541F52FCF268E5719C659C023E8969,Australia,IOS,en-au
D6805D6DBC696E9A33451DFDC412EEBF,India,ANDROID,en-us
D868E09F1EB467A324D16D75D6676C59,Japan,IOS,ja-jp
D876188655C7C6C93AFA2C8B1BEF6FCB,United States,ANDROID,en-us
DD0FAA3477EA1AE3748CCF2D20E153BD,Canada,IOS,en-ca
E2A653542E03CF823E7F19FE9CD209AC,United States,ANDROID,en-us
E837054A2DBB25740917FBD76B4A4CB4,Australia,IOS,en-au
E88B3068A8A94917F950332FB8074A02,United States,IOS,en-us
E8E44F61B0DE9E33D29098DECDF7393E,Mexico,IOS,es-mx
EAD57FD540013FF3C15701FF4B6BDFB1,United Kingdom,IOS,en-gb
EC6B81F288F985F679CC183051E84B72,United States,ANDROID,en-us
EC7F54960F789EB130267F9A3F247BB1,Japan,ANDROID,ja-jp
F2D468D41FB8611C8741B01EA2E1F0EA,United States,IOS,en-us
F4A3B9F9F0D4555ADC48F7BCBD5BEE9C,United States,IOS,en-us
F52929CB390A678997ABCD045795EFBE,United States,ANDROID,en-us
F569EE6651363E581944BD51AAF69CE7,Canada,ANDROID,en-ca
F579D7C88C4D8CBC16B54FC3F4B42EA4,United States,ANDROID,en-us
FA8641DF23561A52101BECFF9B3CA7EC,United States,ANDROID,en-us
FA9ECF347490991C1F9694311C279759,United States,IOS,en
FB149ABD1F42826AA82A9D0D3FB03342,Australia,IOS,en-au
FC75AD23AC7179F7D7354DF389F9189D,China,IOS,zh-hans-cn
FD9223BA1689E43F814C545A5FEBA7F4,India,ANDROID,en-gb
0081AD106B7DBC9A4B70CE88CCC8AAB8,United States,ANDROID,en-us
00F318B55E522F45AEA8DD1973AF0C07,Spain,IOS,en-us
036FB88153A3399ABD104AB1B4BC7BEB,United States,IOS,en-us
0554FA7236F2A6E3A86F54C72EDE441D,United States,ANDROID,en-us
08AF36C03141326F99FD0F257E0972A5,United States,IOS,en
0978B829D0EC73AA106F3C63457A7D8B,Brazil,IOS,pt-br
09E7E1FBB4335593CB218AEA655E1CB4,United States,ANDROID,en-us
0BF5204D8BFA329A675A4B9A007E1B7C,Japan,IOS,ja-jp
0F0FACCD83D00FDF46DF586FDC08CD76,China,IOS,zh-hans-cn
0F196FC62639C7109787513B68D543FF,United States,ANDROID,en-us
11A815DE783862E6B7D12BB43E1C3DA5,Australia,IOS,en-au
123FDD59B854B863934954D1CF1C7064,United States,ANDROID,en-us
18A2710EECCB5E70C4866C2DCE9D2BA7,United States,ANDROID,en-us
1970310126C6DC8A005D7F20B6B99FA9,United States,ANDROID,en-us
19BF58696B080C6768F1CD0B53B9C310,Thailand,IOS,en-th
1B6850F165B43611BD65261AF7C1B7F0,United States,IOS,en-us
1D8F1709BE6064619E6D103D9ED727EC,New Zealand,,en-nz
1EB96BD2264592AC4CF53B37D6B9BFA0,United States,IOS,en-us
2149ADFB176C98B2862FCFA90B35865E,United States,IOS,en-us
2722AFDECCCA74F92CBE114B3AC0B2B4,United States,IOS,en-us
2806A59C37287ADE1137E0A7C007C87F,United Kingdom,IOS,en-gb
284D05260C7E7C3AD85F56A7487AFBCC,United States,IOS,en-us
2B510FBF818B7502DA16690FECA8EA9C,Japan,IOS,ja-jp
2B5F8761B8BD8E01DAEED5E1B14D6B87,Canada,IOS,en-ca
2CB523AF7F30297524DAB2001FFE2EA1,Japan,IOS,zh-hant-hk
2E2D2B2639885CA789DDEB06EAF64B3F,United States,IOS,en-us
2E7493AC5967A8B48B8DEF79EDDFC056,Canada,ANDROID,en-ca
2F04772FE46C17A90BCACEA9F09499FF,United Kingdom,ANDROID,en-gb
2F2F1344A7423CA7B81B2F6E23B44CEA,United States,IOS,en-us
35B864A5932E1A0A5F30D41B9F56112B,Australia,IOS,en-au
360DE5F8ADC6C2258777953DCDC802B9,United States,ANDROID,en-us
3798C5D9010AD4EF3C1192D447C14FAD,United States,ANDROID,en-us
39857AFD180050961B463989BF5A33FB,United States,IOS,en-us
3B7E8F870CDE1AB43BA70658FFA68C5B,United States,IOS,en-us
3BA5D621AA0E44896D007BED18927D1E,Canada,ANDROID,en-ca
3BDA016D41EB1108EFF393D77AFA3348,United States,ANDROID,en-us
3C2398851DF87635975A88767B4C82B8,South Korea,ANDROID,ko-kr
3D339878AE3B0017A1B3313EB2C5A90A,United States,,en-us
3D9F9FD060722791CE2DB360FC51699E,Spain,ANDROID,es-es
3F67C1F4B15E8EAAB875B4D9B716DA06,Japan,IOS,ja-jp
462DCBC8BA661FBCF8036197000DD8F5,Lebanon,ANDROID,en-us
4C3EAB9FC779FA2790F618E3D6AFC499,United Kingdom,ANDROID,en-gb
4E6F4A73B5D05B33DC73B11547E39004,Pakistan,ANDROID,en-us
4ED374B9B92A519B1EDB27CA90DE1FCE,Saudi Arabia,IOS,ar-sa
51D3B104173A762F71186155A6EC5E1A,United States,IOS,en-us
52FD02951B8655BDEDFEBC6BEDD1B311,India,ANDROID,en-gb
534CDF9E352B6F28D27423B8DC63ACEA,United States,IOS,en-us
58C5083E605108218DD38CDC5B6B5691,Israel,IOS,he-il
5A729D27B466C5C80E2F409AADED3428,United States,ANDROID,en-us
64E3BBB507EEFDE76364031EADF502F4,United States,ANDROID,en-us
653D68365BF38E8B3490946A0FC7FD2C,United States,IOS,en-us
669EEB15F14C92781AD9C446A5651DE0,United States,ANDROID,en-us
6BD3D42AC61A8DF651A4F18FC1EFB30A,United States,IOS,en-us
6C1FED10BEEA4B47080B944ACE9E835D,United States,,en-us
6D7C0538D39540BDBBD1F8CD90272A00,United States,IOS,en-us
6F0E3E2BB584F1E54058BDBD0F0DF797,Canada,ANDROID,en-ca
70492ACA85EFDCFC9E0B9CEDBBCE105D,United States,ANDROID,en-us
708E876A9807A8C1DBCA9A19BC35B702,United States,ANDROID,en-us
727A963DFFA656E629954F35CEE865D2,Japan,IOS,en-jp
733FD50FD08F351E54DBC2C9FC0D9B09,United Kingdom,IOS,en-gb
76F894E699B650BD6FC69663F210F12A,United States,IOS,en-us
7756071A726C377F17505ADC3C166894,United States,,en-us
7778BB5E68FDADD0493BD89A6F7A27DF,Canada,ANDROID,en-ca
79D16DA26AB14780B3F4723E0E57769F,Japan,IOS,ja-jp
7AAF413B40220BE58152725CB8724861,United States,IOS,en-us
7B4198B05CE36E11C2623428A090BE16,United States,ANDROID,en-us
7BD09067E1183BA65712D575B62685D3,Netherlands,IOS,de-de
7E38A396789F21724DDEFB0400305685,United States,IOS,en-us
7F612B35D4079BD4E6B345377244FF0E,Guernsey,IOS,en-gb
86A6C9FB1A0C566CA168149788E71EFD,Jordan,IOS,en-us
874E14DBEA3F80EADC1AB31280CC69F5,United Kingdom,IOS,en-gb
8A9C96C01C108E4A17F108C59388C90B,United States,IOS,en-us
8BF9627603DCFB395B8D4EC4A92E90DD,United States,ANDROID,en-us
8DF7A400A7CF3179E0CDC1CB883168C1,United States,ANDROID,en-us
8E69F027711B0F68FB6B3640142C6A31,Jordan,ANDROID,en-us
8EB99B177B914F63CE215683892205AD,Lebanon,ANDROID,en-gb
8ED10D7485D74E405548A3B99912C839,United States,ANDROID,en-us
93CEB327EC262647E4D6E92FEC16AB48,,ANDROID,en-us
93DF99F4063D6B8B05597592CE68D047,United States,IOS,en-us
96DABDCB5E35732D379185C0D0A49BD7,United States,IOS,en-us
9E81D649AAB3C111E2DE31150E639403,United States,ANDROID,en-us
9F1376462851902E6E646F3E46F86C46,United States,IOS,en-us
A2B7DF97E146FC5AB4C8F89A94D85B4A,Canada,ANDROID,en-ca
A4704F91CBB660DA4B200D3B981521D9,India,ANDROID,en-gb
A597F7A410BF0E7390E4C49AFEE32436,United States,ANDROID,en-us
AAABB545297A09EA6D1B910FFAEE482C,United States,ANDROID,en-us
ABC82B9A41FD293AB7945EB13B5DA8E2,Israel,IOS,en-il
AFA25B217428A5328ECE8D2C4C583916,India,ANDROID,en-gb
B346C11EB6FE5629E4CA61AAF4EFF995,United States,IOS,en-us
B49C0DCFE5BEA0CB50296230713A29D1,United States,ANDROID,en-us
B51A76980A3C14D103A3BBC2EAF3AB62,Slovenia,IOS,en-si
B6DEF18B047B988496A7D5E727977488,United States,IOS,en-us
B855837734B4686C3E8D439BA634E8B3,Lebanon,ANDROID,en-gb
B930372C5D851AB3195A0CA14C9219C0,United States,IOS,en-us
B9BE6737540F69F0D4990DFA87DE7DC9,Canada,IOS,en-ca
BA56A2C3719D26826436CE63D5DC5EB3,Nigeria,ANDROID,en-gb
BFBAEEF88C2A6E8FB4CBFCE3B678F28A,United States,IOS,en-us
C11C29B300E223B1A516BB555C6EA232,Japan,IOS,ja-jp
C13987810D859EC3869A5D43C4A7D65A,United States,IOS,en-us
C5399AA1E8D157731709AA3282CFE94B,United States,ANDROID,en-us